"Id","Intensity"
1503960366,11594
1624580081,5917
1644430081,7448
1844505072,3671
1927972279,1367
2022484408,12535
2026352035,7958
2320127002,6426
2347167796,6012
2873212765,11115
3372868164,7259
3977333714,10599
4020332650,3190
4057192912,431
4319703577,8189
4388161847,10519
4445114986,7198
4558609924,10635
4702921684,9453
5553957443,9376
5577150313,14086
6117666160,8277
6290855005,7049
6775888955,2668
6962181067,10889
7007744171,10566
7086361926,9942
8053475328,13193
8253242879,3925
8378563200,10921
8583815059,6556
8792009665,2980
8877689391,14025
